2009-01-03 00:00:00,50.0
2009-01-05 00:00:00,50.0
2009-01-07 00:00:00,50.0
2009-01-09 00:00:00,750.0
2009-01-11 00:00:00,7600.0
2009-01-13 00:00:00,17800.0
2009-01-15 00:00:00,30450.0
2009-01-17 00:00:00,41650.0
2009-01-19 00:00:00,52650.0
2009-01-21 00:00:00,64100.0
2009-01-23 00:00:00,71200.0
2009-01-25 00:00:00,90850.0
2009-01-27 00:00:00,101800.0
2009-01-29 00:00:00,113050.0
2009-01-31 00:00:00,125550.0
2009-02-02 00:00:00,137700.0
2009-02-04 00:00:00,150650.0
2009-02-06 00:00:00,163150.0
2009-02-08 00:00:00,176150.0
2009-02-10 00:00:00,188900.0
2009-02-12 00:00:00,201350.0
2009-02-14 00:00:00,214600.0
2009-02-16 00:00:00,226850.0
2009-02-18 00:00:00,238950.0
2009-02-20 00:00:00,251200.0
2009-02-22 00:00:00,262750.0
2009-02-24 00:00:00,273650.0
2009-02-26 00:00:00,283800.0
2009-02-28 00:00:00,295050.0
2009-03-02 00:00:00,305550.0
2009-03-04 00:00:00,316150.0
2009-03-06 00:00:00,327350.0
2009-03-08 00:00:00,338500.0
2009-03-10 00:00:00,349400.0
2009-03-12 00:00:00,360700.0
2009-03-14 00:00:00,372200.0
2009-03-16 00:00:00,384250.0
2009-03-18 00:00:00,395500.0
2009-03-20 00:00:00,407500.0
2009-03-22 00:00:00,416100.0
2009-03-24 00:00:00,427950.0
2009-03-26 00:00:00,439400.0
2009-03-28 00:00:00,450850.0
2009-03-30 00:00:00,462700.0
2009-04-01 00:00:00,473700.0
2009-04-03 00:00:00,485350.0
2009-04-05 00:00:00,497450.0
2009-04-07 00:00:00,508150.0
2009-04-09 00:00:00,518300.0
2009-04-11 00:00:00,529550.0
2009-04-13 00:00:00,541050.0
2009-04-15 00:00:00,553000.0
2009-04-17 00:00:00,564900.0
2009-04-19 00:00:00,576950.0
2009-04-21 00:00:00,588950.0
2009-04-23 00:00:00,599000.0
2009-04-25 00:00:00,610750.0
2009-04-27 00:00:00,621450.0
2009-04-29 00:00:00,633450.0
2009-05-01 00:00:00,646200.0
2009-05-03 00:00:00,658050.0
2009-05-05 00:00:00,670750.0
2009-05-07 00:00:00,683650.0
2009-05-09 00:00:00,694300.0
2009-05-11 00:00:00,703350.0
2009-05-13 00:00:00,715450.0
2009-05-15 00:00:00,729250.0
2009-05-17 00:00:00,741200.0
2009-05-19 00:00:00,752400.0
2009-05-21 00:00:00,762050.0
2009-05-23 00:00:00,766550.0
2009-05-25 00:00:00,776950.0
2009-05-27 00:00:00,788850.0
2009-05-29 00:00:00,799350.0
2009-05-31 00:00:00,810400.0
2009-06-02 00:00:00,818500.0
2009-06-04 00:00:00,825350.0
2009-06-06 00:00:00,829400.0
2009-06-08 00:00:00,833200.0
2009-06-10 00:00:00,842050.0
2009-06-12 00:00:00,851250.0
2009-06-14 00:00:00,858450.0
2009-06-16 00:00:00,866200.0
2009-06-18 00:00:00,874100.0
2009-06-20 00:00:00,882650.0
2009-06-22 00:00:00,890400.0
2009-06-24 00:00:00,898450.0
2009-06-26 00:00:00,906600.0
2009-06-28 00:00:00,913400.0
2009-06-30 00:00:00,921550.0
2009-07-02 00:00:00,929300.0
2009-07-04 00:00:00,937900.0
2009-07-06 00:00:00,946450.0
2009-07-08 00:00:00,953550.0
2009-07-10 00:00:00,961700.0
2009-07-12 00:00:00,969700.0
2009-07-14 00:00:00,977100.0
2009-07-16 00:00:00,982850.0
2009-07-18 00:00:00,986250.0
2009-07-20 00:00:00,992600.0
2009-07-22 00:00:00,999750.0
2009-07-24 00:00:00,1006800.0
2009-07-26 00:00:00,1010100.0
2009-07-28 00:00:00,1015500.0
2009-07-30 00:00:00,1017800.0
2009-08-01 00:00:00,1019550.0
2009-08-03 00:00:00,1021800.0
2009-08-05 00:00:00,1029250.0
2009-08-07 00:00:00,1037750.0
2009-08-09 00:00:00,1046750.0
2009-08-11 00:00:00,1054200.0
2009-08-13 00:00:00,1061650.0
2009-08-15 00:00:00,1066600.0
2009-08-17 00:00:00,1068700.0
2009-08-19 00:00:00,1069900.0
2009-08-21 00:00:00,1071900.0
2009-08-23 00:00:00,1072900.0
2009-08-25 00:00:00,1076050.0
2009-08-27 00:00:00,1079650.0
2009-08-29 00:00:00,1087000.0
2009-08-31 00:00:00,1096200.0
2009-09-02 00:00:00,1103550.0
2009-09-04 00:00:00,1109700.0
2009-09-06 00:00:00,1116850.0
2009-09-08 00:00:00,1124050.0
2009-09-10 00:00:00,1130000.0
2009-09-12 00:00:00,1136950.0
2009-09-14 00:00:00,1144500.0
2009-09-16 00:00:00,1150200.0
2009-09-18 00:00:00,1158400.0
2009-09-20 00:00:00,1165900.0
2009-09-22 00:00:00,1171300.0
2009-09-24 00:00:00,1176750.0
2009-09-26 00:00:00,1186450.0
2009-09-28 00:00:00,1195300.0
2009-09-30 00:00:00,1203800.0
2009-10-02 00:00:00,1211800.0
2009-10-04 00:00:00,1217750.0
2009-10-06 00:00:00,1222700.0
2009-10-08 00:00:00,1228750.0
2009-10-10 00:00:00,1236500.0
2009-10-12 00:00:00,1243550.0
2009-10-14 00:00:00,1248900.0
2009-10-16 00:00:00,1256400.0
2009-10-18 00:00:00,1262350.0
2009-10-20 00:00:00,1272850.0
2009-10-22 00:00:00,1281300.0
2009-10-24 00:00:00,1289400.0
2009-10-26 00:00:00,1296300.0
2009-10-28 00:00:00,1302800.0
2009-10-30 00:00:00,1308350.0
2009-11-01 00:00:00,1312100.0
2009-11-03 00:00:00,1316600.0
2009-11-05 00:00:00,1322900.0
2009-11-07 00:00:00,1329150.0
2009-11-09 00:00:00,1335900.0
2009-11-11 00:00:00,1342900.0
2009-11-13 00:00:00,1349900.0
2009-11-15 00:00:00,1358850.0
2009-11-17 00:00:00,1368400.0
2009-11-19 00:00:00,1376000.0
2009-11-21 00:00:00,1383950.0
2009-11-23 00:00:00,1393750.0
2009-11-25 00:00:00,1403100.0
2009-11-27 00:00:00,1410750.0
2009-11-29 00:00:00,1417550.0
2009-12-01 00:00:00,1424550.0
2009-12-03 00:00:00,1433700.0
2009-12-05 00:00:00,1438750.0
2009-12-07 00:00:00,1448700.0
2009-12-09 00:00:00,1459350.0
2009-12-11 00:00:00,1470750.0
2009-12-13 00:00:00,1481000.0
2009-12-15 00:00:00,1492200.0
2009-12-17 00:00:00,1506200.0
2009-12-19 00:00:00,1527400.0
2009-12-21 00:00:00,1545500.0
2009-12-23 00:00:00,1561550.0
2009-12-25 00:00:00,1576600.0
2009-12-27 00:00:00,1593000.0
2009-12-29 00:00:00,1608100.0
2009-12-31 00:00:00,1623400.0
2010-01-02 00:00:00,1635850.0
2010-01-04 00:00:00,1653500.0
2010-01-06 00:00:00,1671800.0
2010-01-08 00:00:00,1687250.0
2010-01-10 00:00:00,1704200.0
2010-01-12 00:00:00,1720200.0
2010-01-14 00:00:00,1736000.0
2010-01-16 00:00:00,1749500.0
2010-01-18 00:00:00,1762150.0
2010-01-20 00:00:00,1775100.0
2010-01-22 00:00:00,1791500.0
2010-01-24 00:00:00,1806300.0
2010-01-26 00:00:00,1826550.0
2010-01-28 00:00:00,1844050.0
2010-01-30 00:00:00,1862700.0
2010-02-01 00:00:00,1881950.0
2010-02-03 00:00:00,1901200.0
2010-02-05 00:00:00,1925000.0
2010-02-07 00:00:00,1944900.0
2010-02-09 00:00:00,1965900.0
2010-02-11 00:00:00,1982750.0
2010-02-13 00:00:00,2003300.0
2010-02-15 00:00:00,2022850.0
2010-02-17 00:00:00,2043200.0
2010-02-19 00:00:00,2063600.0
2010-02-21 00:00:00,2085400.0
2010-02-23 00:00:00,2110700.0
2010-02-25 00:00:00,2127600.0
2010-02-27 00:00:00,2144750.0
2010-03-01 00:00:00,2162150.0
2010-03-03 00:00:00,2179350.0
2010-03-05 00:00:00,2197200.0
2010-03-07 00:00:00,2215000.0
2010-03-09 00:00:00,2229200.0
2010-03-11 00:00:00,2243950.0
2010-03-13 00:00:00,2257750.0
2010-03-15 00:00:00,2270200.0
2010-03-17 00:00:00,2283150.0
2010-03-19 00:00:00,2297600.0
2010-03-21 00:00:00,2316300.0
2010-03-23 00:00:00,2335400.0
2010-03-25 00:00:00,2353400.0
2010-03-27 00:00:00,2371850.0
2010-03-29 00:00:00,2391150.0
2010-03-31 00:00:00,2412050.0
2010-04-02 00:00:00,2428900.0
2010-04-04 00:00:00,2445500.0
2010-04-06 00:00:00,2461050.0
2010-04-08 00:00:00,2480450.0
2010-04-10 00:00:00,2501300.0
2010-04-12 00:00:00,2524100.0
2010-04-14 00:00:00,2542350.0
2010-04-16 00:00:00,2562750.0
2010-04-18 00:00:00,2586500.0
2010-04-20 00:00:00,2607600.0
2010-04-22 00:00:00,2627500.0
2010-04-24 00:00:00,2642350.0
2010-04-26 00:00:00,2659300.0
2010-04-28 00:00:00,2676550.0
2010-04-30 00:00:00,2692150.0
2010-05-02 00:00:00,2708800.0
2010-05-04 00:00:00,2723300.0
2010-05-06 00:00:00,2738150.0
2010-05-08 00:00:00,2752100.0
2010-05-10 00:00:00,2766050.0
2010-05-12 00:00:00,2777850.0
2010-05-14 00:00:00,2790350.0
2010-05-16 00:00:00,2800450.0
2010-05-18 00:00:00,2816050.0
2010-05-20 00:00:00,2833300.0
2010-05-22 00:00:00,2852150.0
2010-05-24 00:00:00,2872400.0
2010-05-26 00:00:00,2893750.0
2010-05-28 00:00:00,2914450.0
2010-05-30 00:00:00,2931850.0
2010-06-01 00:00:00,2946100.0
2010-06-03 00:00:00,2960600.0
2010-06-05 00:00:00,2974200.0
2010-06-07 00:00:00,2989550.0
2010-06-09 00:00:00,3005550.0
2010-06-11 00:00:00,3022300.0
2010-06-13 00:00:00,3037200.0
2010-06-15 00:00:00,3054600.0
2010-06-17 00:00:00,3069100.0
2010-06-19 00:00:00,3084400.0
2010-06-21 00:00:00,3101150.0
2010-06-23 00:00:00,3117600.0
2010-06-25 00:00:00,3134300.0
2010-06-27 00:00:00,3150400.0
2010-06-29 00:00:00,3166600.0
2010-07-01 00:00:00,3186200.0
2010-07-03 00:00:00,3204950.0
2010-07-05 00:00:00,3223050.0
2010-07-07 00:00:00,3239150.0
2010-07-09 00:00:00,3256500.0
2010-07-11 00:00:00,3275100.0
2010-07-13 00:00:00,3337950.0
2010-07-15 00:00:00,3397850.0
2010-07-17 00:00:00,3436900.0
2010-07-19 00:00:00,3454050.0
2010-07-21 00:00:00,3473050.0
2010-07-23 00:00:00,3492100.0
2010-07-25 00:00:00,3512050.0
2010-07-27 00:00:00,3533800.0
2010-07-29 00:00:00,3550650.0
2010-07-31 00:00:00,3569200.0
2010-08-02 00:00:00,3592950.0
2010-08-04 00:00:00,3615750.0
2010-08-06 00:00:00,3636000.0
2010-08-08 00:00:00,3652700.0
2010-08-10 00:00:00,3672500.0
2010-08-12 00:00:00,3694250.0
2010-08-14 00:00:00,3718150.0
2010-08-16 00:00:00,3737700.0
2010-08-18 00:00:00,3750900.0
2010-08-20 00:00:00,3766250.0
2010-08-22 00:00:00,3785400.0
2010-08-24 00:00:00,3806500.0
2010-08-26 00:00:00,3828250.0
2010-08-28 00:00:00,3846100.0
2010-08-30 00:00:00,3861450.0
2010-09-01 00:00:00,3879000.0
2010-09-03 00:00:00,3894550.0
2010-09-05 00:00:00,3911600.0
2010-09-07 00:00:00,3927600.0
2010-09-09 00:00:00,3942750.0
2010-09-11 00:00:00,3959400.0
2010-09-13 00:00:00,3976750.0
2010-09-15 00:00:00,3995900.0
2010-09-17 00:00:00,4016200.0
2010-09-19 00:00:00,4038550.0
2010-09-21 00:00:00,4057950.0
2010-09-23 00:00:00,4077200.0
2010-09-25 00:00:00,4099600.0
2010-09-27 00:00:00,4121350.0
2010-09-29 00:00:00,4141000.0
2010-10-01 00:00:00,4155850.0
2010-10-03 00:00:00,4167350.0
2010-10-05 00:00:00,4181200.0
2010-10-07 00:00:00,4197450.0
2010-10-09 00:00:00,4212850.0
2010-10-11 00:00:00,4229700.0
2010-10-13 00:00:00,4246150.0
2010-10-15 00:00:00,4265000.0
2010-10-17 00:00:00,4291050.0
2010-10-19 00:00:00,4316250.0
2010-10-21 00:00:00,4339600.0
2010-10-23 00:00:00,4355950.0
2010-10-25 00:00:00,4375900.0
2010-10-27 00:00:00,4398600.0
2010-10-29 00:00:00,4421100.0
2010-10-31 00:00:00,4442200.0
2010-11-02 00:00:00,4460000.0
2010-11-04 00:00:00,4479600.0
2010-11-06 00:00:00,4500650.0
2010-11-08 00:00:00,4526100.0
2010-11-10 00:00:00,4547750.0
2010-11-12 00:00:00,4567900.0
2010-11-14 00:00:00,4590750.0
2010-11-16 00:00:00,4610850.0
2010-11-18 00:00:00,4636500.0
2010-11-20 00:00:00,4650550.0
2010-11-22 00:00:00,4665300.0
2010-11-24 00:00:00,4681750.0
2010-11-26 00:00:00,4699500.0
2010-11-28 00:00:00,4716950.0
2010-11-30 00:00:00,4738050.0
2010-12-02 00:00:00,4756550.0
2010-12-04 00:00:00,4777100.0
2010-12-06 00:00:00,4801000.0
2010-12-08 00:00:00,4824200.0
2010-12-10 00:00:00,4844200.0
2010-12-12 00:00:00,4861500.0
2010-12-14 00:00:00,4877250.0
2010-12-16 00:00:00,4895500.0
2010-12-18 00:00:00,4912050.0
2010-12-20 00:00:00,4929200.0
2010-12-22 00:00:00,4946950.0
2010-12-24 00:00:00,4961600.0
2010-12-26 00:00:00,4977050.0
2010-12-28 00:00:00,4993550.0
2010-12-30 00:00:00,5010150.0
2011-01-01 00:00:00,5027250.0
2011-01-03 00:00:00,5044450.0
2011-01-05 00:00:00,5059050.0
2011-01-07 00:00:00,5073600.0
2011-01-09 00:00:00,5090800.0
2011-01-11 00:00:00,5107250.0
2011-01-13 00:00:00,5124850.0
2011-01-15 00:00:00,5142150.0
2011-01-17 00:00:00,5159450.0
2011-01-19 00:00:00,5176100.0
2011-01-21 00:00:00,5193400.0
2011-01-23 00:00:00,5210100.0
2011-01-25 00:00:00,5226900.0
2011-01-27 00:00:00,5244650.0
2011-01-29 00:00:00,5260300.0
2011-01-31 00:00:00,5276000.0
2011-02-02 00:00:00,5293050.0
2011-02-04 00:00:00,5310000.0
2011-02-06 00:00:00,5327900.0
2011-02-08 00:00:00,5346800.0
2011-02-10 00:00:00,5365400.0
2011-02-12 00:00:00,5384450.0
2011-02-14 00:00:00,5403950.0
2011-02-16 00:00:00,5426100.0
2011-02-18 00:00:00,5448900.0
2011-02-20 00:00:00,5467100.0
2011-02-22 00:00:00,5487000.0
2011-02-24 00:00:00,5509850.0
2011-02-26 00:00:00,5533500.0
2011-02-28 00:00:00,5555400.0
2011-03-02 00:00:00,5570350.0
2011-03-04 00:00:00,5589450.0
2011-03-06 00:00:00,5616200.0
2011-03-08 00:00:00,5637600.0
2011-03-10 00:00:00,5651450.0
2011-03-12 00:00:00,5665050.0
2011-03-14 00:00:00,5676850.0
2011-03-16 00:00:00,5689000.0
2011-03-18 00:00:00,5702450.0
2011-03-20 00:00:00,5714150.0
2011-03-22 00:00:00,5728200.0
2011-03-24 00:00:00,5743200.0
2011-03-26 00:00:00,5758350.0
2011-03-28 00:00:00,5774150.0
2011-03-30 00:00:00,5789650.0
2011-04-01 00:00:00,5808500.0
2011-04-03 00:00:00,5826300.0
2011-04-05 00:00:00,5845400.0
2011-04-07 00:00:00,5860450.0
2011-04-09 00:00:00,5876200.0
2011-04-11 00:00:00,5892300.0
2011-04-13 00:00:00,5910700.0
2011-04-15 00:00:00,5925600.0
2011-04-17 00:00:00,5942850.0
2011-04-19 00:00:00,5957700.0
2011-04-21 00:00:00,5973150.0
2011-04-23 00:00:00,5990300.0
2011-04-25 00:00:00,6007600.0
2011-04-27 00:00:00,6026750.0
2011-04-29 00:00:00,6044800.0
2011-05-01 00:00:00,6063850.0
2011-05-03 00:00:00,6083100.0
2011-05-05 00:00:00,6103800.0
2011-05-07 00:00:00,6124700.0
2011-05-09 00:00:00,6147450.0
2011-05-11 00:00:00,6166800.0
2011-05-13 00:00:00,6185050.0
2011-05-15 00:00:00,6208850.0
2011-05-17 00:00:00,6233050.0
2011-05-19 00:00:00,6256250.0
2011-05-21 00:00:00,6278100.0
2011-05-23 00:00:00,6304650.0
2011-05-25 00:00:00,6334000.0
2011-05-27 00:00:00,6359800.0
2011-05-29 00:00:00,6376200.0
2011-05-31 00:00:00,6391350.0
2011-06-02 00:00:00,6409750.0
2011-06-04 00:00:00,6430700.0
2011-06-06 00:00:00,6453600.0
2011-06-08 00:00:00,6471200.0
2011-06-10 00:00:00,6493100.0
2011-06-12 00:00:00,6516600.0
2011-06-14 00:00:00,6540100.0
2011-06-16 00:00:00,6564250.0
2011-06-18 00:00:00,6583350.0
2011-06-20 00:00:00,6605900.0
2011-06-22 00:00:00,6630950.0
2011-06-24 00:00:00,6654850.0
2011-06-26 00:00:00,6670150.0
2011-06-28 00:00:00,6685800.0
2011-06-30 00:00:00,6703700.0
2011-07-02 00:00:00,6721450.0
2011-07-04 00:00:00,6737650.0
2011-07-06 00:00:00,6753000.0
2011-07-08 00:00:00,6767150.0
2011-07-10 00:00:00,6782250.0
2011-07-12 00:00:00,6796900.0
2011-07-14 00:00:00,6813750.0
2011-07-16 00:00:00,6829750.0
2011-07-18 00:00:00,6845850.0
2011-07-20 00:00:00,6861200.0
2011-07-22 00:00:00,6876100.0
2011-07-24 00:00:00,6892150.0
2011-07-26 00:00:00,6908450.0
2011-07-28 00:00:00,6925800.0
2011-07-30 00:00:00,6941450.0
2011-08-01 00:00:00,6958600.0
2011-08-03 00:00:00,6973900.0
2011-08-05 00:00:00,6987450.0
2011-08-07 00:00:00,7000100.0
2011-08-09 00:00:00,7013200.0
2011-08-11 00:00:00,7028250.0
2011-08-13 00:00:00,7041500.0
2011-08-15 00:00:00,7054800.0
2011-08-17 00:00:00,7068000.0
2011-08-19 00:00:00,7082650.0
2011-08-21 00:00:00,7097150.0
2011-08-23 00:00:00,7114450.0
2011-08-25 00:00:00,7127400.0
2011-08-27 00:00:00,7141650.0
2011-08-29 00:00:00,7153600.0
2011-08-31 00:00:00,7168900.0
2011-09-02 00:00:00,7183350.0
2011-09-04 00:00:00,7196750.0
2011-09-06 00:00:00,7211950.0
2011-09-08 00:00:00,7225550.0
2011-09-10 00:00:00,7239700.0
2011-09-12 00:00:00,7253100.0
2011-09-14 00:00:00,7267500.0
2011-09-16 00:00:00,7281200.0
2011-09-18 00:00:00,7295700.0
2011-09-20 00:00:00,7308750.0
2011-09-22 00:00:00,7323650.0
2011-09-24 00:00:00,7336550.0
2011-09-26 00:00:00,7350500.0
2011-09-28 00:00:00,7363950.0
2011-09-30 00:00:00,7376800.0
2011-10-02 00:00:00,7390150.0
2011-10-04 00:00:00,7403150.0
2011-10-06 00:00:00,7416650.0
2011-10-08 00:00:00,7429500.0
2011-10-10 00:00:00,7441550.0
2011-10-12 00:00:00,7452800.0
2011-10-14 00:00:00,7464000.0
2011-10-16 00:00:00,7477200.0
2011-10-18 00:00:00,7489200.0
2011-10-20 00:00:00,7500950.0
2011-10-22 00:00:00,7512550.0
2011-10-24 00:00:00,7523950.0
2011-10-26 00:00:00,7535900.0
2011-10-28 00:00:00,7546750.0
2011-10-30 00:00:00,7557550.0
2011-11-01 00:00:00,7571700.0
2011-11-03 00:00:00,7585600.0
2011-11-05 00:00:00,7600250.0
2011-11-07 00:00:00,7614200.0
2011-11-09 00:00:00,7629400.0
2011-11-11 00:00:00,7642750.0
2011-11-13 00:00:00,7656850.0
2011-11-15 00:00:00,7672300.0
2011-11-17 00:00:00,7686200.0
2011-11-19 00:00:00,7699200.0
2011-11-21 00:00:00,7712350.0
2011-11-23 00:00:00,7725650.0
2011-11-25 00:00:00,7737750.0
2011-11-27 00:00:00,7749800.0
2011-11-29 00:00:00,7762950.0
2011-12-01 00:00:00,7779500.0
2011-12-03 00:00:00,7794850.0
2011-12-05 00:00:00,7809700.0
2011-12-07 00:00:00,7825000.0
2011-12-09 00:00:00,7840250.0
2011-12-11 00:00:00,7855350.0
2011-12-13 00:00:00,7868500.0
2011-12-15 00:00:00,7881850.0
2011-12-17 00:00:00,7895350.0
2011-12-19 00:00:00,7910250.0
2011-12-21 00:00:00,7924750.0
2011-12-23 00:00:00,7939250.0
2011-12-25 00:00:00,7954550.0
2011-12-27 00:00:00,7971100.0
2011-12-29 00:00:00,7985600.0
2011-12-31 00:00:00,8000050.0
2012-01-02 00:00:00,8015100.0
2012-01-04 00:00:00,8030900.0
2012-01-06 00:00:00,8046750.0
2012-01-08 00:00:00,8063850.0
2012-01-10 00:00:00,8079200.0
2012-01-12 00:00:00,8095100.0
2012-01-14 00:00:00,8109300.0
2012-01-16 00:00:00,8124600.0
2012-01-18 00:00:00,8139600.0
2012-01-20 00:00:00,8153300.0
2012-01-22 00:00:00,8168750.0
2012-01-24 00:00:00,8184050.0
2012-01-26 00:00:00,8198300.0
2012-01-28 00:00:00,8213000.0
2012-01-30 00:00:00,8229450.0
2012-02-01 00:00:00,8244100.0
2012-02-03 00:00:00,8260250.0
2012-02-05 00:00:00,8275250.0
2012-02-07 00:00:00,8289800.0
2012-02-09 00:00:00,8303600.0
2012-02-11 00:00:00,8317850.0
2012-02-13 00:00:00,8333200.0
2012-02-15 00:00:00,8347100.0
2012-02-17 00:00:00,8360650.0
2012-02-19 00:00:00,8377250.0
2012-02-21 00:00:00,8390950.0
2012-02-23 00:00:00,8407200.0
2012-02-25 00:00:00,8422800.0
2012-02-27 00:00:00,8438300.0
2012-02-29 00:00:00,8455100.0
2012-03-02 00:00:00,8469550.0
2012-03-04 00:00:00,8482000.0
2012-03-06 00:00:00,8496000.0
2012-03-08 00:00:00,8511250.0
2012-03-10 00:00:00,8528200.0
2012-03-12 00:00:00,8543300.0
2012-03-14 00:00:00,8557800.0
2012-03-16 00:00:00,8571400.0
2012-03-18 00:00:00,8587800.0
2012-03-20 00:00:00,8603100.0
2012-03-22 00:00:00,8619000.0
2012-03-24 00:00:00,8634100.0
2012-03-26 00:00:00,8650050.0
2012-03-28 00:00:00,8665400.0
2012-03-30 00:00:00,8679850.0
2012-04-01 00:00:00,8695500.0
2012-04-03 00:00:00,8708250.0
2012-04-05 00:00:00,8721250.0
2012-04-07 00:00:00,8734000.0
2012-04-09 00:00:00,8748850.0
2012-04-11 00:00:00,8763150.0
2012-04-13 00:00:00,8776350.0
2012-04-15 00:00:00,8788850.0
2012-04-17 00:00:00,8802600.0
2012-04-19 00:00:00,8816500.0
2012-04-21 00:00:00,8831600.0
2012-04-23 00:00:00,8846450.0
2012-04-25 00:00:00,8859500.0
2012-04-27 00:00:00,8873500.0
2012-04-29 00:00:00,8889600.0
2012-05-01 00:00:00,8907000.0
2012-05-03 00:00:00,8923000.0
2012-05-05 00:00:00,8938550.0
2012-05-07 00:00:00,8955700.0
2012-05-09 00:00:00,8973200.0
2012-05-11 00:00:00,8986550.0
2012-05-13 00:00:00,9000000.0
2012-05-15 00:00:00,9013700.0
2012-05-17 00:00:00,9025200.0
2012-05-19 00:00:00,9039700.0
2012-05-21 00:00:00,9053400.0
2012-05-23 00:00:00,9065300.0
2012-05-25 00:00:00,9077850.0
2012-05-27 00:00:00,9092800.0
2012-05-29 00:00:00,9106500.0
2012-05-31 00:00:00,9119800.0
2012-06-02 00:00:00,9135150.0
2012-06-04 00:00:00,9150600.0
2012-06-06 00:00:00,9165850.0
2012-06-08 00:00:00,9179550.0
2012-06-10 00:00:00,9196400.0
2012-06-12 00:00:00,9211100.0
2012-06-14 00:00:00,9226500.0
2012-06-16 00:00:00,9242450.0
2012-06-18 00:00:00,9258450.0
2012-06-20 00:00:00,9274350.0
2012-06-22 00:00:00,9287500.0
2012-06-24 00:00:00,9302600.0
2012-06-26 00:00:00,9317650.0
2012-06-28 00:00:00,9332500.0
2012-06-30 00:00:00,9346600.0
2012-07-02 00:00:00,9361550.0
2012-07-04 00:00:00,9376750.0
2012-07-06 00:00:00,9391250.0
2012-07-08 00:00:00,9407450.0
2012-07-10 00:00:00,9423250.0
2012-07-12 00:00:00,9437650.0
2012-07-14 00:00:00,9453150.0
2012-07-16 00:00:00,9468000.0
2012-07-18 00:00:00,9484400.0
2012-07-20 00:00:00,9498500.0
2012-07-22 00:00:00,9512950.0
2012-07-24 00:00:00,9528500.0
2012-07-26 00:00:00,9545100.0
2012-07-28 00:00:00,9562000.0
2012-07-30 00:00:00,9578500.0
2012-08-01 00:00:00,9592200.0
2012-08-03 00:00:00,9608550.0
2012-08-05 00:00:00,9623300.0
2012-08-07 00:00:00,9637800.0
2012-08-09 00:00:00,9654250.0
2012-08-11 00:00:00,9670350.0
2012-08-13 00:00:00,9686450.0
2012-08-15 00:00:00,9703150.0
2012-08-17 00:00:00,9718000.0
2012-08-19 00:00:00,9733300.0
2012-08-21 00:00:00,9751800.0
2012-08-23 00:00:00,9767500.0
2012-08-25 00:00:00,9781850.0
2012-08-27 00:00:00,9798100.0
2012-08-29 00:00:00,9813900.0
2012-08-31 00:00:00,9828950.0
2012-09-02 00:00:00,9844750.0
2012-09-04 00:00:00,9860150.0
2012-09-06 00:00:00,9878450.0
2012-09-08 00:00:00,9894050.0
2012-09-10 00:00:00,9908900.0
2012-09-12 00:00:00,9923850.0
2012-09-14 00:00:00,9939200.0
2012-09-16 00:00:00,9953850.0
2012-09-18 00:00:00,9971000.0
2012-09-20 00:00:00,9985500.0
2012-09-22 00:00:00,10002250
2012-09-24 00:00:00,10017500
2012-09-26 00:00:00,10032100
2012-09-28 00:00:00,10047450
2012-09-30 00:00:00,10063450
2012-10-02 00:00:00,10077650
2012-10-04 00:00:00,10091250
2012-10-06 00:00:00,10105150
2012-10-08 00:00:00,10120300
2012-10-10 00:00:00,10135000
2012-10-12 00:00:00,10149450
2012-10-14 00:00:00,10163650
2012-10-16 00:00:00,10179100
2012-10-18 00:00:00,10193900
2012-10-20 00:00:00,10208750
2012-10-22 00:00:00,10224950
2012-10-24 00:00:00,10239600
2012-10-26 00:00:00,10254550
2012-10-28 00:00:00,10271900
2012-10-30 00:00:00,10287250
2012-11-01 00:00:00,10300950
2012-11-03 00:00:00,10315350
2012-11-05 00:00:00,10331000
2012-11-07 00:00:00,10345650
2012-11-09 00:00:00,10361000
2012-11-11 00:00:00,10375600
2012-11-13 00:00:00,10389450
2012-11-15 00:00:00,10403450
2012-11-17 00:00:00,10417550
2012-11-19 00:00:00,10431650
2012-11-21 00:00:00,10447300
2012-11-23 00:00:00,10461900
2012-11-25 00:00:00,10477050
2012-11-27 00:00:00,10492600
2012-11-29 00:00:00,10504650
2012-12-01 00:00:00,10511875
2012-12-03 00:00:00,10519400
2012-12-05 00:00:00,10525175
2012-12-07 00:00:00,10531850
2012-12-09 00:00:00,10538475
2012-12-11 00:00:00,10545650
2012-12-13 00:00:00,10552275
2012-12-15 00:00:00,10557825
2012-12-17 00:00:00,10563850
2012-12-19 00:00:00,10570575
2012-12-21 00:00:00,10576300
2012-12-23 00:00:00,10583350
2012-12-25 00:00:00,10589600
2012-12-27 00:00:00,10597225
2012-12-29 00:00:00,10604975
2012-12-31 00:00:00,10613175
2013-01-02 00:00:00,10621175
2013-01-04 00:00:00,10628700
2013-01-06 00:00:00,10635975
2013-01-08 00:00:00,10643750
2013-01-10 00:00:00,10650750
2013-01-12 00:00:00,10656750
2013-01-14 00:00:00,10663650
2013-01-16 00:00:00,10669900
2013-01-18 00:00:00,10676100
2013-01-20 00:00:00,10682925
2013-01-22 00:00:00,10689775
2013-01-24 00:00:00,10696825
2013-01-26 00:00:00,10704050
2013-01-28 00:00:00,10711550
2013-01-30 00:00:00,10719225
2013-02-01 00:00:00,10727800
2013-02-03 00:00:00,10735950
2013-02-05 00:00:00,10744650
2013-02-07 00:00:00,10752200
2013-02-09 00:00:00,10759400
2013-02-11 00:00:00,10767475
2013-02-13 00:00:00,10774975
2013-02-15 00:00:00,10783475
2013-02-17 00:00:00,10792850
2013-02-19 00:00:00,10801025
2013-02-21 00:00:00,10810275
2013-02-23 00:00:00,10818350
2013-02-25 00:00:00,10827325
2013-02-27 00:00:00,10836275
2013-03-01 00:00:00,10844500
2013-03-03 00:00:00,10852050
2013-03-05 00:00:00,10860175
2013-03-07 00:00:00,10868025
2013-03-09 00:00:00,10875925
2013-03-11 00:00:00,10885200
2013-03-13 00:00:00,10892000
2013-03-15 00:00:00,10900875
2013-03-17 00:00:00,10910350
2013-03-19 00:00:00,10919750
2013-03-21 00:00:00,10930000
2013-03-23 00:00:00,10940875
2013-03-25 00:00:00,10949700
2013-03-27 00:00:00,10956750
2013-03-29 00:00:00,10965775
2013-03-31 00:00:00,10973850
2013-04-02 00:00:00,10983675
2013-04-04 00:00:00,10992125
2013-04-06 00:00:00,10999925
2013-04-08 00:00:00,11008200
2013-04-10 00:00:00,11017000
2013-04-12 00:00:00,11025425
2013-04-14 00:00:00,11033475
2013-04-16 00:00:00,11042050
2013-04-18 00:00:00,11050300
2013-04-20 00:00:00,11057050
2013-04-22 00:00:00,11065450
2013-04-24 00:00:00,11073800
2013-04-26 00:00:00,11082075
2013-04-28 00:00:00,11090225
2013-04-30 00:00:00,11098475
2013-05-02 00:00:00,11105600
2013-05-04 00:00:00,11113125
2013-05-06 00:00:00,11121050
2013-05-08 00:00:00,11129525
2013-05-10 00:00:00,11137850
2013-05-12 00:00:00,11146675
2013-05-14 00:00:00,11154850
2013-05-16 00:00:00,11162150
2013-05-18 00:00:00,11169850
2013-05-20 00:00:00,11177150
2013-05-22 00:00:00,11185025
2013-05-24 00:00:00,11193100
2013-05-26 00:00:00,11201425
2013-05-28 00:00:00,11209775
2013-05-30 00:00:00,11218200
2013-06-01 00:00:00,11227800
2013-06-03 00:00:00,11238125
2013-06-05 00:00:00,11248425
2013-06-07 00:00:00,11256900
2013-06-09 00:00:00,11265275
2013-06-11 00:00:00,11274175
2013-06-13 00:00:00,11284000
2013-06-15 00:00:00,11292700
2013-06-17 00:00:00,11301225
2013-06-19 00:00:00,11308000
2013-06-21 00:00:00,11315975
2013-06-23 00:00:00,11324675
2013-06-25 00:00:00,11331950
2013-06-27 00:00:00,11340825
2013-06-29 00:00:00,11349050
2013-07-01 00:00:00,11356975
2013-07-03 00:00:00,11365275
2013-07-05 00:00:00,11373950
2013-07-07 00:00:00,11383325
2013-07-09 00:00:00,11393000
2013-07-11 00:00:00,11402075
2013-07-13 00:00:00,11409975
2013-07-15 00:00:00,11418325
2013-07-17 00:00:00,11426650
2013-07-19 00:00:00,11435175
2013-07-21 00:00:00,11444725
2013-07-23 00:00:00,11452850
2013-07-25 00:00:00,11460125
2013-07-27 00:00:00,11468700
2013-07-29 00:00:00,11477275
2013-07-31 00:00:00,11486875
2013-08-02 00:00:00,11496250
2013-08-04 00:00:00,11505000
2013-08-06 00:00:00,11514525
2013-08-08 00:00:00,11523975
2013-08-10 00:00:00,11534150
2013-08-12 00:00:00,11545225
2013-08-14 00:00:00,11553875
2013-08-16 00:00:00,11562350
2013-08-18 00:00:00,11571950
2013-08-20 00:00:00,11580925
2013-08-22 00:00:00,11591275
2013-08-24 00:00:00,11601300
2013-08-26 00:00:00,11608950
2013-08-28 00:00:00,11617425
2013-08-30 00:00:00,11627225
2013-09-01 00:00:00,11638150
2013-09-03 00:00:00,11648650
2013-09-05 00:00:00,11657075
2013-09-07 00:00:00,11665900
2013-09-09 00:00:00,11674450
2013-09-11 00:00:00,11684125
2013-09-13 00:00:00,11694575
2013-09-15 00:00:00,11704550
2013-09-17 00:00:00,11713200
2013-09-19 00:00:00,11721850
2013-09-21 00:00:00,11731350
2013-09-23 00:00:00,11742025
2013-09-25 00:00:00,11752400
2013-09-27 00:00:00,11761075
2013-09-29 00:00:00,11769550
2013-10-01 00:00:00,11778550
2013-10-03 00:00:00,11788075
2013-10-05 00:00:00,11797800
2013-10-07 00:00:00,11806675
2013-10-09 00:00:00,11815150
2013-10-11 00:00:00,11824450
2013-10-13 00:00:00,11835100
2013-10-15 00:00:00,11847750
2013-10-17 00:00:00,11857700
2013-10-19 00:00:00,11867500
2013-10-21 00:00:00,11877925
2013-10-23 00:00:00,11889425
2013-10-25 00:00:00,11900650
2013-10-27 00:00:00,11910050
2013-10-29 00:00:00,11918450
2013-10-31 00:00:00,11928575
2013-11-02 00:00:00,11938750
2013-11-04 00:00:00,11948650
2013-11-06 00:00:00,11956950
2013-11-08 00:00:00,11964125
2013-11-10 00:00:00,11971875
2013-11-12 00:00:00,11981475
2013-11-14 00:00:00,11990400
2013-11-16 00:00:00,11999375
2013-11-18 00:00:00,12008300
2013-11-20 00:00:00,12016250
2013-11-22 00:00:00,12024100
2013-11-24 00:00:00,12032450
2013-11-26 00:00:00,12041050
2013-11-28 00:00:00,12049750
2013-11-30 00:00:00,12058375
2013-12-02 00:00:00,12067325
2013-12-04 00:00:00,12076500
2013-12-06 00:00:00,12086050
2013-12-08 00:00:00,12095325
2013-12-10 00:00:00,12105225
2013-12-12 00:00:00,12113325
2013-12-14 00:00:00,12122475
2013-12-16 00:00:00,12131750
2013-12-18 00:00:00,12141925
2013-12-20 00:00:00,12152375
2013-12-22 00:00:00,12160600
2013-12-24 00:00:00,12168725
2013-12-26 00:00:00,12177500
2013-12-28 00:00:00,12185975
2013-12-30 00:00:00,12194575
2014-01-01 00:00:00,12203800
2014-01-03 00:00:00,12211525
2014-01-05 00:00:00,12219725
2014-01-07 00:00:00,12228825
2014-01-09 00:00:00,12238275
2014-01-11 00:00:00,12248500
2014-01-13 00:00:00,12258325
2014-01-15 00:00:00,12266450
2014-01-17 00:00:00,12275275
2014-01-19 00:00:00,12283950
2014-01-21 00:00:00,12292825
2014-01-23 00:00:00,12302025
2014-01-25 00:00:00,12310800
2014-01-27 00:00:00,12318825
2014-01-29 00:00:00,12326925
2014-01-31 00:00:00,12335525
2014-02-02 00:00:00,12344900
2014-02-04 00:00:00,12353975
2014-02-06 00:00:00,12362425
2014-02-08 00:00:00,12370925
2014-02-10 00:00:00,12378525
2014-02-12 00:00:00,12386875
2014-02-14 00:00:00,12396150
2014-02-16 00:00:00,12405475
2014-02-18 00:00:00,12413800
2014-02-20 00:00:00,12422850
2014-02-22 00:00:00,12431150
2014-02-24 00:00:00,12440250
2014-02-26 00:00:00,12449025
2014-02-28 00:00:00,12458275
2014-03-02 00:00:00,12465700
2014-03-04 00:00:00,12472725
2014-03-06 00:00:00,12480800
2014-03-08 00:00:00,12489350
2014-03-10 00:00:00,12497575
2014-03-12 00:00:00,12505975
2014-03-14 00:00:00,12513675
2014-03-16 00:00:00,12522000
2014-03-18 00:00:00,12530075
2014-03-20 00:00:00,12538125
2014-03-22 00:00:00,12547050
2014-03-24 00:00:00,12557150
2014-03-26 00:00:00,12564875
2014-03-28 00:00:00,12573625
2014-03-30 00:00:00,12581625
2014-04-01 00:00:00,12590300
2014-04-03 00:00:00,12600125
2014-04-05 00:00:00,12609625
2014-04-07 00:00:00,12616825
2014-04-09 00:00:00,12624350
2014-04-11 00:00:00,12632450
2014-04-13 00:00:00,12641425
2014-04-15 00:00:00,12650850
2014-04-17 00:00:00,12658925
2014-04-19 00:00:00,12666900
2014-04-21 00:00:00,12675575
2014-04-23 00:00:00,12683800
2014-04-25 00:00:00,12691575
2014-04-27 00:00:00,12700200
2014-04-29 00:00:00,12708300
2014-05-01 00:00:00,12716150
2014-05-03 00:00:00,12724000
2014-05-05 00:00:00,12730925
2014-05-07 00:00:00,12739650
2014-05-09 00:00:00,12747700
2014-05-11 00:00:00,12756275
2014-05-13 00:00:00,12764450
2014-05-15 00:00:00,12772350
2014-05-17 00:00:00,12781475
2014-05-19 00:00:00,12789750
2014-05-21 00:00:00,12798675
2014-05-23 00:00:00,12806800
2014-05-25 00:00:00,12814775
2014-05-27 00:00:00,12822225
2014-05-29 00:00:00,12829925
2014-05-31 00:00:00,12837800
2014-06-02 00:00:00,12846750
2014-06-04 00:00:00,12856025
2014-06-06 00:00:00,12863350
2014-06-08 00:00:00,12870925
2014-06-10 00:00:00,12878750
2014-06-12 00:00:00,12886275
2014-06-14 00:00:00,12894875
2014-06-16 00:00:00,12904600
2014-06-18 00:00:00,12913300
2014-06-20 00:00:00,12921700
2014-06-22 00:00:00,12931250
2014-06-24 00:00:00,12940150
2014-06-26 00:00:00,12949075
2014-06-28 00:00:00,12958425
2014-06-30 00:00:00,12965900
2014-07-02 00:00:00,12972825
2014-07-04 00:00:00,12980150
2014-07-06 00:00:00,12987675
2014-07-08 00:00:00,12995200
2014-07-10 00:00:00,13003025
2014-07-12 00:00:00,13010900
2014-07-14 00:00:00,13018375
2014-07-16 00:00:00,13025950
2014-07-18 00:00:00,13034200
2014-07-20 00:00:00,13042750
2014-07-22 00:00:00,13050050
2014-07-24 00:00:00,13057425
2014-07-26 00:00:00,13064850
2014-07-28 00:00:00,13072275
2014-07-30 00:00:00,13080375
2014-08-01 00:00:00,13088050
2014-08-03 00:00:00,13096075
2014-08-05 00:00:00,13102750
2014-08-07 00:00:00,13110500
2014-08-09 00:00:00,13118850
2014-08-11 00:00:00,13127875
2014-08-13 00:00:00,13136325
2014-08-15 00:00:00,13144650
2014-08-17 00:00:00,13153050
2014-08-19 00:00:00,13162575
2014-08-21 00:00:00,13170725
2014-08-23 00:00:00,13178675
2014-08-25 00:00:00,13186125
2014-08-27 00:00:00,13194300
2014-08-29 00:00:00,13202975
2014-08-31 00:00:00,13212150
2014-09-02 00:00:00,13219475
2014-09-04 00:00:00,13227625
2014-09-06 00:00:00,13235550
2014-09-08 00:00:00,13243475
2014-09-10 00:00:00,13250675
2014-09-12 00:00:00,13258750
2014-09-14 00:00:00,13267425
2014-09-16 00:00:00,13275350
2014-09-18 00:00:00,13284700
2014-09-20 00:00:00,13293075
2014-09-22 00:00:00,13301375
2014-09-24 00:00:00,13309225
2014-09-26 00:00:00,13317075
2014-09-28 00:00:00,13323750
2014-09-30 00:00:00,13331000
2014-10-02 00:00:00,13338325
2014-10-04 00:00:00,13345425
2014-10-06 00:00:00,13353875
2014-10-08 00:00:00,13360925
2014-10-10 00:00:00,13368450
2014-10-12 00:00:00,13375725
2014-10-14 00:00:00,13383050
2014-10-16 00:00:00,13390475
2014-10-18 00:00:00,13398050
2014-10-20 00:00:00,13404850
2014-10-22 00:00:00,13412625
2014-10-24 00:00:00,13420275
2014-10-26 00:00:00,13427325
2014-10-28 00:00:00,13434800
2014-10-30 00:00:00,13442725
2014-11-01 00:00:00,13451425
2014-11-03 00:00:00,13459400
2014-11-05 00:00:00,13467500
2014-11-07 00:00:00,13474725
2014-11-09 00:00:00,13482100
2014-11-11 00:00:00,13489575
2014-11-13 00:00:00,13496600
2014-11-15 00:00:00,13504000
2014-11-17 00:00:00,13511425
2014-11-19 00:00:00,13518600
2014-11-21 00:00:00,13525125
2014-11-23 00:00:00,13532600
2014-11-25 00:00:00,13539675
2014-11-27 00:00:00,13546525
2014-11-29 00:00:00,13554175
2014-12-01 00:00:00,13561650
2014-12-03 00:00:00,13568225
2014-12-05 00:00:00,13575675
2014-12-07 00:00:00,13582350
2014-12-09 00:00:00,13589575
2014-12-11 00:00:00,13597300
2014-12-13 00:00:00,13604425
2014-12-15 00:00:00,13611550
2014-12-17 00:00:00,13618050
2014-12-19 00:00:00,13624625
2014-12-21 00:00:00,13631775
2014-12-23 00:00:00,13639050
2014-12-25 00:00:00,13647050
2014-12-27 00:00:00,13654650
2014-12-29 00:00:00,13663050
2014-12-31 00:00:00,13670575
2015-01-02 00:00:00,13678725
2015-01-04 00:00:00,13686975
2015-01-06 00:00:00,13695100
2015-01-08 00:00:00,13702175
2015-01-10 00:00:00,13709500
2015-01-12 00:00:00,13717275
2015-01-14 00:00:00,13723675
2015-01-16 00:00:00,13730875
2015-01-18 00:00:00,13738025
2015-01-20 00:00:00,13744900
2015-01-22 00:00:00,13752075
2015-01-24 00:00:00,13758200
2015-01-26 00:00:00,13764525
2015-01-28 00:00:00,13772100
2015-01-30 00:00:00,13779825
2015-02-01 00:00:00,13787950
2015-02-03 00:00:00,13795000
2015-02-05 00:00:00,13802700
2015-02-07 00:00:00,13811375
2015-02-09 00:00:00,13818450
2015-02-11 00:00:00,13825950
2015-02-13 00:00:00,13832850
2015-02-15 00:00:00,13840225
2015-02-17 00:00:00,13848050
2015-02-19 00:00:00,13856175
2015-02-21 00:00:00,13863775
2015-02-23 00:00:00,13870975
2015-02-25 00:00:00,13878325
2015-02-27 00:00:00,13885875
2015-03-01 00:00:00,13893000
2015-03-03 00:00:00,13900600
2015-03-05 00:00:00,13907375
2015-03-07 00:00:00,13914850
2015-03-09 00:00:00,13922050
2015-03-11 00:00:00,13929975
2015-03-13 00:00:00,13936775
2015-03-15 00:00:00,13943800
2015-03-17 00:00:00,13950650
2015-03-19 00:00:00,13957750
2015-03-21 00:00:00,13964850
2015-03-23 00:00:00,13971975
2015-03-25 00:00:00,13980300
2015-03-27 00:00:00,13988325
2015-03-29 00:00:00,13995850
2015-03-31 00:00:00,14003125
2015-04-02 00:00:00,14010350
2015-04-04 00:00:00,14017975
2015-04-06 00:00:00,14024975
2015-04-08 00:00:00,14031925
2015-04-10 00:00:00,14039050
2015-04-12 00:00:00,14045875
2015-04-14 00:00:00,14053350
2015-04-16 00:00:00,14059875
2015-04-18 00:00:00,14066550
2015-04-20 00:00:00,14074100
2015-04-22 00:00:00,14081650
2015-04-24 00:00:00,14088100
2015-04-26 00:00:00,14095675
2015-04-28 00:00:00,14103050
2015-04-30 00:00:00,14109600
2015-05-02 00:00:00,14116950
2015-05-04 00:00:00,14123700
2015-05-06 00:00:00,14131125
2015-05-08 00:00:00,14138850
2015-05-10 00:00:00,14145225
2015-05-12 00:00:00,14152900
2015-05-14 00:00:00,14160450
2015-05-16 00:00:00,14167775
2015-05-18 00:00:00,14175525
2015-05-20 00:00:00,14182475
2015-05-22 00:00:00,14189850
2015-05-24 00:00:00,14196375
2015-05-26 00:00:00,14203350
2015-05-28 00:00:00,14210275
2015-05-30 00:00:00,14217300
2015-06-01 00:00:00,14224400
2015-06-03 00:00:00,14231600
2015-06-05 00:00:00,14238700
2015-06-07 00:00:00,14246900
2015-06-09 00:00:00,14254475
2015-06-11 00:00:00,14262300
2015-06-13 00:00:00,14269650
2015-06-15 00:00:00,14277025
2015-06-17 00:00:00,14283650
2015-06-19 00:00:00,14291525
2015-06-21 00:00:00,14297925
2015-06-23 00:00:00,14305200
2015-06-25 00:00:00,14312975
2015-06-27 00:00:00,14319875
2015-06-29 00:00:00,14326975
2015-07-01 00:00:00,14334175
2015-07-03 00:00:00,14341725
2015-07-05 00:00:00,14349225
2015-07-07 00:00:00,14357175
2015-07-09 00:00:00,14364475
2015-07-11 00:00:00,14372000
2015-07-13 00:00:00,14379075
2015-07-15 00:00:00,14386400
2015-07-17 00:00:00,14393400
2015-07-19 00:00:00,14400975
2015-07-21 00:00:00,14408075
2015-07-23 00:00:00,14415475
2015-07-25 00:00:00,14423500
2015-07-27 00:00:00,14430825
2015-07-29 00:00:00,14438100
2015-07-31 00:00:00,14445000
2015-08-02 00:00:00,14453025
2015-08-04 00:00:00,14460300
2015-08-06 00:00:00,14466950
2015-08-08 00:00:00,14474425
2015-08-10 00:00:00,14482175
2015-08-12 00:00:00,14489475
2015-08-14 00:00:00,14496550
2015-08-16 00:00:00,14503575
2015-08-18 00:00:00,14510800
2015-08-20 00:00:00,14518475
2015-08-22 00:00:00,14526150
2015-08-24 00:00:00,14533500
2015-08-26 00:00:00,14540825
2015-08-28 00:00:00,14548275
2015-08-30 00:00:00,14556000
2015-09-01 00:00:00,14563775
2015-09-03 00:00:00,14571400
2015-09-05 00:00:00,14578975
2015-09-07 00:00:00,14586350
2015-09-09 00:00:00,14593350
2015-09-11 00:00:00,14601900
2015-09-13 00:00:00,14608800
2015-09-15 00:00:00,14616850
2015-09-17 00:00:00,14624100
2015-09-19 00:00:00,14631000
2015-09-21 00:00:00,14637300
2015-09-23 00:00:00,14645050
2015-09-25 00:00:00,14652725
2015-09-27 00:00:00,14660125
2015-09-29 00:00:00,14667925
2015-10-01 00:00:00,14675650
2015-10-03 00:00:00,14682575
2015-10-05 00:00:00,14690050
2015-10-07 00:00:00,14697150
2015-10-09 00:00:00,14703900
2015-10-11 00:00:00,14711375
2015-10-13 00:00:00,14718225
2015-10-15 00:00:00,14726100
2015-10-17 00:00:00,14733250
2015-10-19 00:00:00,14740975
2015-10-21 00:00:00,14747775
2015-10-23 00:00:00,14755550
2015-10-25 00:00:00,14762900
2015-10-27 00:00:00,14770650
2015-10-29 00:00:00,14777750
2015-10-31 00:00:00,14785650
2015-11-02 00:00:00,14793250
2015-11-04 00:00:00,14801075
2015-11-06 00:00:00,14808225
2015-11-08 00:00:00,14815800
2015-11-10 00:00:00,14823050
2015-11-12 00:00:00,14831125
2015-11-14 00:00:00,14839100
2015-11-16 00:00:00,14847125
2015-11-18 00:00:00,14854650
2015-11-20 00:00:00,14862125
2015-11-22 00:00:00,14870925
2015-11-24 00:00:00,14878725
2015-11-26 00:00:00,14886625
2015-11-28 00:00:00,14894000
2015-11-30 00:00:00,14901675
2015-12-02 00:00:00,14910150
2015-12-04 00:00:00,14917400
2015-12-06 00:00:00,14925900
2015-12-08 00:00:00,14933650
2015-12-10 00:00:00,14942975
2015-12-12 00:00:00,14951525
2015-12-14 00:00:00,14959650
2015-12-16 00:00:00,14968675
2015-12-18 00:00:00,14976650
2015-12-20 00:00:00,14984750
2015-12-22 00:00:00,14992125
2015-12-24 00:00:00,14999975
2015-12-26 00:00:00,15007975
2015-12-28 00:00:00,15016875
2015-12-30 00:00:00,15025000
2016-01-01 00:00:00,15031975
2016-01-03 00:00:00,15039125
2016-01-05 00:00:00,15047575
2016-01-07 00:00:00,15054575
2016-01-09 00:00:00,15062925
2016-01-11 00:00:00,15071425
2016-01-13 00:00:00,15079650
2016-01-15 00:00:00,15086025
2016-01-17 00:00:00,15092975
2016-01-19 00:00:00,15101075
2016-01-21 00:00:00,15108075
2016-01-23 00:00:00,15116675
2016-01-25 00:00:00,15125150
2016-01-27 00:00:00,15133100
2016-01-29 00:00:00,15141050
2016-01-31 00:00:00,15149950
2016-02-02 00:00:00,15158450
2016-02-04 00:00:00,15167425
2016-02-06 00:00:00,15176700
2016-02-08 00:00:00,15185275
2016-02-10 00:00:00,15193725
2016-02-12 00:00:00,15202500
2016-02-14 00:00:00,15210825
2016-02-16 00:00:00,15218250
2016-02-18 00:00:00,15226250
2016-02-20 00:00:00,15233675
2016-02-22 00:00:00,15240075
2016-02-24 00:00:00,15246525
2016-02-26 00:00:00,15253900
2016-02-28 00:00:00,15260900
2016-03-01 00:00:00,15267475
2016-03-03 00:00:00,15274725
2016-03-05 00:00:00,15282500
2016-03-07 00:00:00,15289850
2016-03-09 00:00:00,15297325
2016-03-11 00:00:00,15305425
2016-03-13 00:00:00,15312325
2016-03-15 00:00:00,15319900
2016-03-17 00:00:00,15327525
2016-03-19 00:00:00,15334350
2016-03-21 00:00:00,15341275
2016-03-23 00:00:00,15348775
2016-03-25 00:00:00,15356175
2016-03-27 00:00:00,15363675
2016-03-29 00:00:00,15371475
2016-03-31 00:00:00,15378575
2016-04-02 00:00:00,15385750
2016-04-04 00:00:00,15393525
2016-04-06 00:00:00,15401125
2016-04-08 00:00:00,15408300
2016-04-10 00:00:00,15416700
2016-04-12 00:00:00,15424275
2016-04-14 00:00:00,15432325
2016-04-16 00:00:00,15439525
2016-04-18 00:00:00,15446725
2016-04-20 00:00:00,15455525
2016-04-22 00:00:00,15462875
2016-04-24 00:00:00,15469775
2016-04-26 00:00:00,15476725
2016-04-28 00:00:00,15483325
2016-04-30 00:00:00,15490925
2016-05-02 00:00:00,15498725
2016-05-04 00:00:00,15506675
2016-05-06 00:00:00,15514600
2016-05-08 00:00:00,15522500
2016-05-10 00:00:00,15530775
2016-05-12 00:00:00,15537575
2016-05-14 00:00:00,15544975
2016-05-16 00:00:00,15551975
2016-05-18 00:00:00,15559325
2016-05-20 00:00:00,15566050
2016-05-22 00:00:00,15574175
2016-05-24 00:00:00,15582350
2016-05-26 00:00:00,15589175
2016-05-28 00:00:00,15595975
2016-05-30 00:00:00,15603250
2016-06-01 00:00:00,15610000
2016-06-03 00:00:00,15617000
2016-06-05 00:00:00,15624225
2016-06-07 00:00:00,15631975
2016-06-09 00:00:00,15639700
2016-06-11 00:00:00,15647200
2016-06-13 00:00:00,15654875
2016-06-15 00:00:00,15661975
2016-06-17 00:00:00,15669425
2016-06-19 00:00:00,15677800
2016-06-21 00:00:00,15685625
2016-06-23 00:00:00,15692350
2016-06-25 00:00:00,15699625
2016-06-27 00:00:00,15706950
2016-06-29 00:00:00,15714300
2016-07-01 00:00:00,15721925
2016-07-03 00:00:00,15729500
2016-07-05 00:00:00,15736900
2016-07-07 00:00:00,15743825
2016-07-09 00:00:00,15750587.5
2016-07-11 00:00:00,15754325
2016-07-13 00:00:00,15757725
2016-07-15 00:00:00,15761175
2016-07-17 00:00:00,15765000
2016-07-19 00:00:00,15768450
2016-07-21 00:00:00,15771987.5
2016-07-23 00:00:00,15775237.5
2016-07-25 00:00:00,15778425
2016-07-27 00:00:00,15781637.5
2016-07-29 00:00:00,15785175
2016-07-31 00:00:00,15788587.5
2016-08-02 00:00:00,15792425
2016-08-04 00:00:00,15796412.5
2016-08-06 00:00:00,15800600
2016-08-08 00:00:00,15804300
2016-08-10 00:00:00,15807737.5
2016-08-12 00:00:00,15811475
2016-08-14 00:00:00,15815550
2016-08-16 00:00:00,15819062.5
2016-08-18 00:00:00,15822525
2016-08-20 00:00:00,15826387.5
2016-08-22 00:00:00,15830400
2016-08-24 00:00:00,15834137.5
2016-08-26 00:00:00,15837412.5
2016-08-28 00:00:00,15841112.5
2016-08-30 00:00:00,15845025
2016-09-01 00:00:00,15848450
2016-09-03 00:00:00,15851937.5
2016-09-05 00:00:00,15855925
2016-09-07 00:00:00,15859525
2016-09-09 00:00:00,15863100
2016-09-11 00:00:00,15867087.5
2016-09-13 00:00:00,15871187.5
2016-09-15 00:00:00,15875062.5
2016-09-17 00:00:00,15878837.5
2016-09-19 00:00:00,15882312.5
2016-09-21 00:00:00,15886275
2016-09-23 00:00:00,15889737.5
2016-09-25 00:00:00,15894125
2016-09-27 00:00:00,15898125
2016-09-29 00:00:00,15901762.5
2016-10-01 00:00:00,15905500
2016-10-03 00:00:00,15909150
2016-10-05 00:00:00,15913212.5
2016-10-07 00:00:00,15917012.5
2016-10-09 00:00:00,15921125
2016-10-11 00:00:00,15924412.5
2016-10-13 00:00:00,15927812.5
2016-10-15 00:00:00,15931287.5
2016-10-17 00:00:00,15934475
2016-10-19 00:00:00,15937975
2016-10-21 00:00:00,15941700
2016-10-23 00:00:00,15945362.5
2016-10-25 00:00:00,15948887.5
2016-10-27 00:00:00,15952637.5
2016-10-29 00:00:00,15956400
2016-10-31 00:00:00,15960337.5
2016-11-02 00:00:00,15963800
2016-11-04 00:00:00,15967187.5
2016-11-06 00:00:00,15970937.5
2016-11-08 00:00:00,15974875
2016-11-10 00:00:00,15978812.5
2016-11-12 00:00:00,15982950
2016-11-14 00:00:00,15986875
2016-11-16 00:00:00,15990962.5
2016-11-18 00:00:00,15994800
2016-11-20 00:00:00,15998175
2016-11-22 00:00:00,16001587.5
2016-11-24 00:00:00,16005450
2016-11-26 00:00:00,16009262.5
2016-11-28 00:00:00,16013112.5
2016-11-30 00:00:00,16016750
2016-12-02 00:00:00,16020362.5
2016-12-04 00:00:00,16024362.5
2016-12-06 00:00:00,16028137.5
2016-12-08 00:00:00,16032275
2016-12-10 00:00:00,16035612.5
2016-12-12 00:00:00,16039900
2016-12-14 00:00:00,16043862.5
2016-12-16 00:00:00,16047112.5
2016-12-18 00:00:00,16050675
2016-12-20 00:00:00,16054287.5
2016-12-22 00:00:00,16058262.5
2016-12-24 00:00:00,16061875
2016-12-26 00:00:00,16065712.5
2016-12-28 00:00:00,16069712.5
2016-12-30 00:00:00,16073550
2017-01-01 00:00:00,16077350
2017-01-03 00:00:00,16081387.5
2017-01-05 00:00:00,16085050
2017-01-07 00:00:00,16088787.5
2017-01-09 00:00:00,16092575
2017-01-11 00:00:00,16096487.5
2017-01-13 00:00:00,16100512.5
2017-01-15 00:00:00,16104750
2017-01-17 00:00:00,16108837.5
2017-01-19 00:00:00,16112887.5
2017-01-21 00:00:00,16117512.5
2017-01-23 00:00:00,16121412.5
2017-01-25 00:00:00,16125137.5
2017-01-27 00:00:00,16129200
2017-01-29 00:00:00,16133187.5
2017-01-31 00:00:00,16136800
2017-02-02 00:00:00,16141162.5
2017-02-04 00:00:00,16144825
2017-02-06 00:00:00,16148375
2017-02-08 00:00:00,16152087.5
2017-02-10 00:00:00,16156037.5
2017-02-12 00:00:00,16159525
2017-02-14 00:00:00,16163675
2017-02-16 00:00:00,16167300
2017-02-18 00:00:00,16171075
2017-02-20 00:00:00,16174600
2017-02-22 00:00:00,16178050
2017-02-24 00:00:00,16181962.5
2017-02-26 00:00:00,16186275
2017-02-28 00:00:00,16189987.5
2017-03-02 00:00:00,16193750
2017-03-04 00:00:00,16197287.5
2017-03-06 00:00:00,16200900
2017-03-08 00:00:00,16204587.5
2017-03-10 00:00:00,16208387.5
2017-03-12 00:00:00,16212187.5
2017-03-14 00:00:00,16215950
2017-03-16 00:00:00,16219637.5
2017-03-18 00:00:00,16223525
2017-03-20 00:00:00,16227287.5
2017-03-22 00:00:00,16231050
2017-03-24 00:00:00,16235100
2017-03-26 00:00:00,16238837.5
2017-03-28 00:00:00,16242425
2017-03-30 00:00:00,16246200
2017-04-01 00:00:00,16249537.5
2017-04-03 00:00:00,16253712.5
2017-04-05 00:00:00,16257300
2017-04-07 00:00:00,16261162.5
2017-04-09 00:00:00,16264862.5
2017-04-11 00:00:00,16268787.5
2017-04-13 00:00:00,16272150
2017-04-15 00:00:00,16275762.5
2017-04-17 00:00:00,16279312.5
2017-04-19 00:00:00,16282925
2017-04-21 00:00:00,16286737.5
2017-04-23 00:00:00,16290462.5
2017-04-25 00:00:00,16293862.5
2017-04-27 00:00:00,16297612.5
2017-04-29 00:00:00,16301475
2017-05-01 00:00:00,16305237.5
2017-05-03 00:00:00,16308862.5
2017-05-05 00:00:00,16312575
2017-05-07 00:00:00,16316762.5
